case,status,rank,node_id,prob_class_1,true_label,pred_label,partner1_chain,partner1_resseq,partner1_resname,partner1_label,partner2_chain,partner2_resseq,partner2_resname,partner2_label
1BRS_A_B,TP,1,207,0.6152320504188538,1,1,A,109,ILE,A:ILE109,B,108,LYS,B:LYS108
1BRS_A_B,TP,2,174,0.6092265844345093,1,1,A,107,THR,A:THR107,B,98,LYS,B:LYS98
1BRS_A_B,TP,3,194,0.6010528802871704,1,1,A,108,LYS,A:LYS108,B,110,ARG,B:ARG110
1BRS_A_B,TP,4,161,0.5970371961593628,1,1,A,98,LYS,A:LYS98,B,107,THR,B:THR107
1BRS_A_B,TP,5,209,0.5951735377311707,1,1,A,109,ILE,A:ILE109,B,110,ARG,B:ARG110
1BRS_A_B,TP,6,206,0.5881922841072083,1,1,A,109,ILE,A:ILE109,B,107,THR,B:THR107
1BRS_A_B,TP,7,193,0.5862985253334045,1,1,A,108,LYS,A:LYS108,B,109,ILE,B:ILE109
1BRS_A_B,TP,8,208,0.5807737708091736,1,1,A,109,ILE,A:ILE109,B,109,ILE,B:ILE109
1BRS_A_B,TP,9,222,0.5694682598114014,1,1,A,110,ARG,A:ARG110,B,108,LYS,B:LYS108
1BRS_A_B,TP,10,224,0.5627529621124268,1,1,A,110,ARG,A:ARG110,B,110,ARG,B:ARG110
1BRS_A_B,FP,1,177,0.6392094492912292,0,1,A,107,THR,A:THR107,B,108,LYS,B:LYS108
1BRS_A_B,FP,2,173,0.6381357908248901,0,1,A,107,THR,A:THR107,B,97,TYR,B:TYR97
1BRS_A_B,FP,3,192,0.6203274726867676,0,1,A,108,LYS,A:LYS108,B,108,LYS,B:LYS108
1BRS_A_B,FP,4,176,0.6199933290481567,0,1,A,107,THR,A:THR107,B,107,THR,B:THR107
1BRS_A_B,FP,5,188,0.6198422908782959,0,1,A,108,LYS,A:LYS108,B,97,TYR,B:TYR97
1BRS_A_B,FP,6,162,0.6197910904884338,0,1,A,98,LYS,A:LYS98,B,108,LYS,B:LYS108
1BRS_A_B,FP,7,147,0.6187973618507385,0,1,A,97,TYR,A:TYR97,B,108,LYS,B:LYS108
1BRS_A_B,FP,8,158,0.618511974811554,0,1,A,98,LYS,A:LYS98,B,97,TYR,B:TYR97
1BRS_A_B,FP,9,175,0.6179816722869873,0,1,A,107,THR,A:THR107,B,106,PHE,B:PHE106
1BRS_A_B,FP,10,143,0.6175567507743835,0,1,A,97,TYR,A:TYR97,B,97,TYR,B:TYR97
1BRS_A_B,FN,1,89,0.3949858248233795,1,0,A,15,GLN,A:GLN15,B,110,ARG,B:ARG110
1BRS_A_B,FN,2,181,0.41012296080589294,1,0,A,108,LYS,A:LYS108,B,8,ASP,B:ASP8
1BRS_A_B,FN,3,184,0.4216594994068146,1,0,A,108,LYS,A:LYS108,B,12,ASP,B:ASP12
1BRS_A_B,FN,4,72,0.43780001997947693,1,0,A,12,ASP,A:ASP12,B,108,LYS,B:LYS108
1BRS_A_B,FN,5,27,0.46331995725631714,1,0,A,8,ASP,A:ASP8,B,108,LYS,B:LYS108
1FSS_A_B,TP,1,1702,0.6101890206336975,1,1,A,334,TYR,A:TYR334,B,31,PRO,B:PRO31
1FSS_A_B,TP,2,1734,0.5991743803024292,1,1,A,335,GLY,A:GLY335,B,30,PRO,B:PRO30
1FSS_A_B,TP,3,1701,0.5987860560417175,1,1,A,334,TYR,A:TYR334,B,30,PRO,B:PRO30
1FSS_A_B,TP,4,239,0.5848596096038818,1,1,A,73,GLU,A:GLU73,B,11,ARG,B:ARG11
1FSS_A_B,TP,5,1736,0.5744518637657166,1,1,A,335,GLY,A:GLY335,B,32,LYS,B:LYS32
1FSS_A_B,TP,6,1703,0.5719676613807678,1,1,A,334,TYR,A:TYR334,B,32,LYS,B:LYS32
1FSS_A_B,TP,7,238,0.5690622329711914,1,1,A,73,GLU,A:GLU73,B,10,SER,B:SER10
1FSS_A_B,TP,8,1767,0.563458263874054,1,1,A,336,ALA,A:ALA336,B,30,PRO,B:PRO30
1FSS_A_B,TP,9,234,0.5572447776794434,1,1,A,73,GLU,A:GLU73,B,6,HIS,B:HIS6
1FSS_A_B,TP,10,339,0.5560502409934998,1,1,A,76,PRO,A:PRO76,B,12,ALA,B:ALA12
1FSS_A_B,FP,1,1669,0.6157280802726746,0,1,A,333,LEU,A:LEU333,B,31,PRO,B:PRO31
1FSS_A_B,FP,2,1735,0.609719455242157,0,1,A,335,GLY,A:GLY335,B,31,PRO,B:PRO31
1FSS_A_B,FP,3,1667,0.608332633972168,0,1,A,333,LEU,A:LEU333,B,29,HIS,B:HIS29
1FSS_A_B,FP,4,1668,0.6067425608634949,0,1,A,333,LEU,A:LEU333,B,30,PRO,B:PRO30
1FSS_A_B,FP,5,1636,0.6063929796218872,0,1,A,332,LEU,A:LEU332,B,31,PRO,B:PRO31
1FSS_A_B,FP,6,1700,0.6014140844345093,0,1,A,334,TYR,A:TYR334,B,29,HIS,B:HIS29
1FSS_A_B,FP,7,1733,0.6004326343536377,0,1,A,335,GLY,A:GLY335,B,29,HIS,B:HIS29
1FSS_A_B,FP,8,1634,0.6000040769577026,0,1,A,332,LEU,A:LEU332,B,29,HIS,B:HIS29
1FSS_A_B,FP,9,1635,0.5973449945449829,0,1,A,332,LEU,A:LEU332,B,30,PRO,B:PRO30
1FSS_A_B,FP,10,1603,0.592156708240509,0,1,A,331,PHE,A:PHE331,B,31,PRO,B:PRO31
1FSS_A_B,FN,1,153,0.03890596330165863,1,0,A,70,TYR,A:TYR70,B,33,MET,B:MET33
1FSS_A_B,FN,2,284,0.06605146825313568,1,0,A,74,GLN,A:GLN74,B,32,LYS,B:LYS32
1FSS_A_B,FN,3,285,0.09381435066461563,1,0,A,74,GLN,A:GLN74,B,33,MET,B:MET33
1FSS_A_B,FN,4,154,0.11967375874519348,1,0,A,70,TYR,A:TYR70,B,34,VAL,B:VAL34
1FSS_A_B,FN,5,1145,0.15180091559886932,1,0,A,279,TRP,A:TRP279,B,35,LEU,B:LEU35
1FSS_A_B,FN,6,635,0.152223601937294,1,0,A,87,ASN,A:ASN87,B,11,ARG,B:ARG11
1FSS_A_B,FN,7,155,0.18698112666606903,1,0,A,70,TYR,A:TYR70,B,35,LEU,B:LEU35
1FSS_A_B,FN,8,1046,0.19860835373401642,1,0,A,276,ASP,A:ASP276,B,35,LEU,B:LEU35
1FSS_A_B,FN,9,732,0.21866723895072937,1,0,A,90,MET,A:MET90,B,9,THR,B:THR9
1FSS_A_B,FN,10,1335,0.22036434710025787,1,0,A,285,ASP,A:ASP285,B,27,ARG,B:ARG27
3HMX_LH_AB,TP,1,2133,0.6778551936149597,1,1,H,102,GLY,H:GLY102,A,61,GLY,A:GLY61
3HMX_LH_AB,TP,2,2134,0.6658348441123962,1,1,H,102,GLY,H:GLY102,A,62,ASP,A:ASP62
3HMX_LH_AB,TP,3,2091,0.6334397196769714,1,1,H,101,PRO,H:PRO101,A,61,GLY,A:GLY61
3HMX_LH_AB,TP,4,2092,0.6267926692962646,1,1,H,101,PRO,H:PRO101,A,62,ASP,A:ASP62
3HMX_LH_AB,TP,5,2050,0.6116613149642944,1,1,H,100,ARG,H:ARG100,A,62,ASP,A:ASP62
3HMX_LH_AB,TP,6,2176,0.6047849059104919,1,1,H,103,GLN,H:GLN103,A,62,ASP,A:ASP62
3HMX_LH_AB,TP,7,2007,0.5841675996780396,1,1,H,99,ARG,H:ARG99,A,61,GLY,A:GLY61
3HMX_LH_AB,TP,8,2128,0.5779144763946533,1,1,H,102,GLY,H:GLY102,A,56,GLN,A:GLN56
3HMX_LH_AB,TP,9,2005,0.5694249272346497,1,1,H,99,ARG,H:ARG99,A,59,GLU,A:GLU59
3HMX_LH_AB,TP,10,2008,0.5667664408683777,1,1,H,99,ARG,H:ARG99,A,62,ASP,A:ASP62
3HMX_LH_AB,FP,1,2131,0.6730433702468872,0,1,H,102,GLY,H:GLY102,A,59,GLU,A:GLU59
3HMX_LH_AB,FP,2,2132,0.6709322333335876,0,1,H,102,GLY,H:GLY102,A,60,PHE,A:PHE60
3HMX_LH_AB,FP,3,2130,0.6668289303779602,0,1,H,102,GLY,H:GLY102,A,58,LYS,A:LYS58
3HMX_LH_AB,FP,4,2217,0.6434614062309265,0,1,H,104,GLY,H:GLY104,A,61,GLY,A:GLY61
3HMX_LH_AB,FP,5,2214,0.6379489898681641,0,1,H,104,GLY,H:GLY104,A,58,LYS,A:LYS58
3HMX_LH_AB,FP,6,2135,0.6376678943634033,0,1,H,102,GLY,H:GLY102,A,63,ALA,A:ALA63
3HMX_LH_AB,FP,7,2215,0.6348053216934204,0,1,H,104,GLY,H:GLY104,A,59,GLU,A:GLU59
3HMX_LH_AB,FP,8,2088,0.633730411529541,0,1,H,101,PRO,H:PRO101,A,58,LYS,A:LYS58
3HMX_LH_AB,FP,9,2089,0.6307733058929443,0,1,H,101,PRO,H:PRO101,A,59,GLU,A:GLU59
3HMX_LH_AB,FP,10,2218,0.6306886076927185,0,1,H,104,GLY,H:GLY104,A,62,ASP,A:ASP62
3HMX_LH_AB,FN,1,1680,0.03676877170801163,1,0,H,57,ASP,H:ASP57,A,15,TRP,A:TRP15
3HMX_LH_AB,FN,2,829,0.04182002693414688,1,0,L,94,TYR,L:TYR94,A,59,GLU,A:GLU59
3HMX_LH_AB,FN,3,1282,0.058294329792261124,1,0,H,32,TYR,H:TYR32,A,47,LEU,A:LEU47
3HMX_LH_AB,FN,4,358,0.07063249498605728,1,0,L,49,TYR,L:TYR49,A,47,LEU,A:LEU47
3HMX_LH_AB,FN,5,359,0.11007395386695862,1,0,L,49,TYR,L:TYR49,A,48,GLY,A:GLY48
3HMX_LH_AB,FN,6,910,0.11601202934980392,1,0,L,96,TYR,L:TYR96,A,56,GLN,A:GLN56
3HMX_LH_AB,FN,7,2080,0.13692571222782135,1,0,H,101,PRO,H:PRO101,A,47,LEU,A:LEU47
3HMX_LH_AB,FN,8,2038,0.14051136374473572,1,0,H,100,ARG,H:ARG100,A,47,LEU,A:LEU47
3HMX_LH_AB,FN,9,1280,0.1451776623725891,1,0,H,32,TYR,H:TYR32,A,45,GLU,A:GLU45
3HMX_LH_AB,FN,10,986,0.14586611092090607,1,0,H,2,VAL,H:VAL2,A,45,GLU,A:GLU45
